"ID","Description","GeneRatio","BgRatio","pvalue","p.adjust","qvalue","geneID","Count"
"GO:0022626","cytosolic ribosome","85/7113","116/19650",4.11217117363211e-16,3.10057706491861e-13,2.7140329745972e-13,"RPL11/RPS8/RPS27/RPL5/RPL22/RPLP0P6/RPL31/RPS27A/RPL37A/RPL29/RPL32/RPL35A/RPL14/APOD/RPL24/RPL15/RPL34/RPS3A/PELO/RPS14/RPS23/RACK1/RPL37/NHP2/ETF1/ASCC3/RPS12/EEF1A1/RPL10A/RPS18/RPS10/RPL10/RPL39/RPS4X/RPL30/RPL7/RPS20/RPL8/RPL12/RPL7A/RPS6/RPS3/RPLP2/RPS25/RPL27A/RPS13/FAU/RPS24/RPS26/RPL41/RNF10/RPL6/RPLP0/RPL21/NEMF/RPS29/RPL36AL/RPLP1/RPL4/RPS17/RPL13/RPS2/ZNF598/RSL1D1/RPL27/RPL26/RPL23A/RPL19/RPL38/RPL17/RPS16/RPL28/RPS15/RPS28/RPL18/RPS11/RPL13A/RPS9/UBA52/RPL36/RPL18A/RPS19/RPS5/RPL3/SNU13",85
"GO:0005925","focal adhesion","232/7113","422/19650",1.6189675813198e-15,6.10350778157563e-13,5.34259301835533e-13,"SLC9A1/EPHA2/DOCK7/BCAR3/CNN3/PIP5K1A/TADA1/RPS8/RPL5/SHC1/CSRP1/FBLIM1/ARHGEF2/PTPRC/CAPN2/NEXN/CDC42/RPL22/FHL3/RPL31/FHL2/IL1RL1/KLF11/RHOB/RND3/ITGA4/TM4SF20/LIMS2/FBLN7/ITGA6/RPL37A/TNS1/FAM107A/LIMD1/PHLDB2/SYNPO2/ANXA5/FAT1/PALLD/RPS3A/ITGA2/CTNNA1/ARHGAP26/PDGFRB/SPRY4/NPM1/RPS14/PDLIM7/AKAP12/WASF1/HSPA1A/HSPA1B/IGF2R/FLOT1/RPL10A/RPS18/EZR/HMGA1/RPS10/GJA1/NEDD9/TES/CAV2/YWHAG/HSPB1/ACTB/CAV1/PPIA/GNB2/TRIP6/FLNC/ZYX/ARPC1B/RAC1/TNS3/FHL1/STARD8/SHROOM4/MSN/RPS4X/ZNF185/DLC1/RPL30/SDCBP/RPL7/SNTB1/RPL8/SORBS3/ADGRB1/PGM5/ANXA1/ARPC5L/RPL12/JAK2/TEK/RPL7A/HSPA5/GSN/HNRNPK/ENG/CAT/RRAS2/NOX4/RPS3/ARL2/RPLP2/CD151/LPXN/PARVA/CFL1/RHOG/CTTN/ILK/CAPN5/MCAM/RPS13/LAYN/TSPAN4/CAPN1/CD81/CD59/APBB1IP/VCL/ARHGAP22/VIM/PDLIM1/SORBS1/ITGB7/ITGA5/RAB21/CSRP2/TNS2/CORO1C/CD9/HSP90B1/ARPC3/PCBP2/RPL6/GIT2/RPLP0/PXN/LIMA1/TSPAN9/SENP1/LCP1/EFNB2/TNFSF13B/THSD1/ITGBL1/FLT1/EFS/ZFYVE21/MMP14/ACTN1/SYNE2/ARF6/NUMB/RPS29/FERMT2/RPLP1/KIF23/CHP1/FES/MAP2K1/RPL4/PDIA3/RPS17/CORO2B/BCAR1/MAPK3/ARMC5/TGFB1I1/ATP6V0C/SLC9A5/RPS2/NHERF2/CDH13/SLC6A4/TNS4/SSH2/RPL27/ALOX15B/SRP68/RPL19/ACTG1/P4HB/YWHAE/MRC2/RPL38/PFN1/CLTC/FLII/JUP/ITGB4/ITGA3/CDH2/MAPRE2/SDC4/MAPRE1/PROCR/HCK/MISP/CNN2/PLAUR/RPS16/ICAM1/RPS15/RPL18/CNN1/RPS11/RRAS/RPL13A/NPHS1/BSG/PIP5K1C/RPS9/NECTIN2/MAP2K2/PEAK3/RPS19/RPS5/ACTN4/TPM4/TLE2/RPL3/TRIOBP/PARVG/PACSIN2/MYH9/SCARF2/CDC42EP1/ITGB2",232
"GO:0030055","cell-substrate junction","234/7113","432/19650",1.12534208820357e-14,2.82835978168498e-12,2.47575259404786e-12,"SLC9A1/EPHA2/DOCK7/BCAR3/CNN3/PIP5K1A/TADA1/RPS8/RPL5/SHC1/CSRP1/FBLIM1/ARHGEF2/PTPRC/CAPN2/NEXN/CDC42/RPL22/FHL3/RPL31/FHL2/IL1RL1/KLF11/RHOB/RND3/ITGA4/TM4SF20/LIMS2/FBLN7/ITGA6/RPL37A/TNS1/FAM107A/LIMD1/PHLDB2/SYNPO2/ANXA5/FAT1/PALLD/RPS3A/ITGA2/CTNNA1/ARHGAP26/PDGFRB/SPRY4/NPM1/RPS14/PDLIM7/AKAP12/WASF1/HSPA1A/HSPA1B/IGF2R/FLOT1/RPL10A/RPS18/EZR/HMGA1/RPS10/GJA1/NEDD9/TES/CAV2/YWHAG/HSPB1/ACTB/CAV1/PPIA/GNB2/TRIP6/FLNC/ZYX/ARPC1B/RAC1/TNS3/FHL1/STARD8/SHROOM4/MSN/RPS4X/ZNF185/DLC1/RPL30/SDCBP/RPL7/SNTB1/RPL8/SORBS3/ADGRB1/PGM5/ANXA1/ARPC5L/RPL12/JAK2/TEK/RPL7A/HSPA5/GSN/HNRNPK/ENG/CAT/RRAS2/NOX4/RPS3/ARL2/RPLP2/CD151/LPXN/PARVA/CFL1/RHOG/CTTN/ILK/CAPN5/MCAM/RPS13/LAYN/TSPAN4/CAPN1/CD81/CD59/APBB1IP/VCL/ARHGAP22/VIM/COL17A1/PDLIM1/SORBS1/ITGB7/ITGA5/RAB21/CSRP2/TNS2/CORO1C/CD9/HSP90B1/ARPC3/PCBP2/RPL6/GIT2/RPLP0/PXN/LIMA1/TSPAN9/SENP1/LCP1/EFNB2/TNFSF13B/THSD1/ITGBL1/FLT1/EFS/ZFYVE21/MMP14/ACTN1/SYNE2/ARF6/NUMB/RPS29/FERMT2/RPLP1/KIF23/CHP1/FES/MAP2K1/RPL4/PDIA3/RPS17/CORO2B/BCAR1/MAPK3/ARMC5/TGFB1I1/ATP6V0C/SLC9A5/RPS2/NHERF2/CDH13/SLC6A4/TNS4/SSH2/RPL27/ALOX15B/SRP68/RPL19/ACTG1/P4HB/YWHAE/MRC2/RPL38/PFN1/CLTC/FLII/JUP/ITGB4/ITGA3/CDH2/LAMA3/MAPRE2/SDC4/MAPRE1/PROCR/HCK/MISP/CNN2/PLAUR/RPS16/ICAM1/RPS15/RPL18/CNN1/RPS11/RRAS/RPL13A/NPHS1/BSG/PIP5K1C/RPS9/NECTIN2/MAP2K2/PEAK3/RPS19/RPS5/ACTN4/TPM4/TLE2/RPL3/TRIOBP/PARVG/PACSIN2/MYH9/SCARF2/CDC42EP1/ITGB2",234
"GO:0009897","external side of plasma membrane","210/7113","388/19650",2.89417598225809e-13,5.4555217265565e-11,4.77539037072585e-11,"S1PR1/TGFBR3/F3/CD2/LY9/SELE/SELL/ASTN1/SLAMF7/SELP/CD244/FCRL6/CD34/LEPR/FCER1G/CD1A/ECE1/FCGR1A/TNFRSF14/ITGA10/FCGR2B/SLAMF6/CD84/IL12RB2/IL23R/PTPRC/CAPN2/TNFRSF18/IL6R/FASLG/TNFRSF9/FCGR3A/FCN3/CD1D/ACKR3/LRP2/IL1R1/IL1RL1/SLC4A3/ITGA4/ITGA6/CD28/CD8A/COLEC11/CD80/TGFBR2/CCR4/IL5RA/CXCR6/ACKR2/CCR1/CCR2/CCR3/CD86/CCR5/CCR8/CD200R1/CCR9/XCR1/CD200R1L/ANXA5/ABCG2/CXCL9/CXCL10/ENPEP/ITGA2/IL7R/PRLR/BTNL9/EFNA5/IL13/CD74/IL31RA/IL6ST/OSMR/CD83/ULBP3/RAET1L/ULBP1/LY6G6C/HLA-E/FLOT1/MICA/ULBP2/NT5E/BTN1A1/HLA-C/RAET1E/TNF/LY6G5C/BTN2A1/ENPP3/ABCB1/NRCAM/TRGC2/TRGV9/TRGV5/TRGV4/TRGV3/TRGV2/TRGV1/TRGC1/AZGP1/CXCR3/CD40LG/IL2RG/TLR8/GPIHBP1/ABCA1/CNTFR/PDCD1LG2/FCN1/B4GALT1/ENG/PLET1/CD248/FOLR1/CD5/MCAM/MS4A1/CD3D/CD3G/CD59/NCAM1/MBL2/GFRA1/IL2RA/IDE/CXCL12/CLEC4E/KLRD1/CLEC4D/KLRK1/CLEC6A/ITGA5/P2RX7/KLRC3/LAG3/CD4/CD163L1/KLRC1/CD9/CD27/CLEC4C/CD163/KLRC2/CLEC2D/KLRC4/CLEC4A/ITGA7/LAMP1/F10/ABCC4/CLEC14A/SERPINA5/ADAM21/ADAM20/CD276/ANPEP/MFGE8/SEMA7A/THBS1/SCNN1B/SCNN1G/SLC7A5/CD19/SPN/ITGAM/ITGAX/ITGAD/ITGAL/CDH13/IL4R/IL21R/CDH5/P2RX1/ATP1B2/P4HB/CCR10/CLEC10A/ASGR1/SLC2A4/ITGAE/ITGA3/CA4/CD226/PRNP/CD40/THBD/PLAUR/CD22/CLEC17A/ICAM1/IL12RB1/EPOR/FCGRT/CD33/LILRB1/CEACAM21/CD79A/BCAM/LDLR/MUC16/ADGRE1/TNFRSF13C/CSF2RB/SCUBE1/TCN2/IL2RB/ITGB2",210
"GO:0022625","cytosolic large ribosomal subunit","48/7113","58/19650",3.9920172630178e-13,6.01996203263084e-11,5.26946278718349e-11,"RPL11/RPL5/RPL22/RPLP0P6/RPL31/RPL37A/RPL29/RPL32/RPL35A/RPL14/RPL24/RPL15/RPL34/RPL37/NHP2/RPL10A/RPL10/RPL39/RPL30/RPL7/RPL8/RPL12/RPL7A/RPLP2/RPL27A/RPL41/RPL6/RPLP0/RPL21/RPL36AL/RPLP1/RPL4/RPL13/RSL1D1/RPL27/RPL26/RPL23A/RPL19/RPL38/RPL17/RPL28/RPL18/RPL13A/UBA52/RPL36/RPL18A/RPL3/SNU13",48
"GO:0000775","chromosome, centromeric region","147/7113","258/19650",6.80150241071413e-12,8.54722136279742e-10,7.48165265178554e-10,"GTF2B/FIRRM/NUF2/NEK2/NSL1/NUP133/CENPS/KIF2C/PLK3/ITGB3BP/H3-3A/PSEN2/CDC20/CENPL/H4C14/CENPF/CDCA8/SMC6/HJURP/SPC25/BUB1/XPO1/CENPO/GPATCH11/SGO2/CENPA/SGO1/CHMP2B/PBRM1/SMC4/CENPC/MAD2L1/ZNF330/NCAPG/CENPU/CENPE/CENPK/BOD1/PLK2/SPDL1/CCNB1/PPP2CA/CSNK1A1/APC/CENPQ/TTK/H4C1/H2AC4/H4C4/H4C13/H4C6/H4C3/H4C8/H4C11/H4C12/H4C2/H4C5/H2BC11/H4C9/H2AC8/DAXX/ACTB/MAD1L1/EZH2/IKZF1/DYNLT3/ATRX/SMC1A/CENPI/PHF6/ERCC6L/DCTN6/MTBP/DSCC1/HSF1/PPP2CB/ESCO2/PINX1/DCTN3/PHF2/C9orf78/CENPP/KIF18A/KAT5/NCAPD3/CDCA5/NUP98/CKAP5/INCENP/ZWINT/SUV39H2/HELLS/NUP37/SYCP3/DYNLL1/KNTC1/CBX5/NCAPD2/DCTN2/CLIP1/H4C16/ARID2/PDS5B/SUGT1/SKA3/CHAMP1/BAZ1A/MIS18BP1/NGDN/BUB1B/OIP5/ZWILCH/KNSTRN/KNL1/KAT8/PLK1/FLYWCH1/CENPT/ZNF276/SMARCE1/TOP2A/AURKB/H3-3B/NDEL1/SPAG5/SKA2/BIRC5/KAT7/SKA1/NDC80/CHMP1B/SNAI1/DSN1/CHMP4B/RASSF2/CENPB/AURKA/CEBPB/KMT5C/CHMP2A/SPC24/PPP2R1A/AURKC/CENPM/SMARCB1/RANGAP1/SMC1B",147
"GO:0098687","chromosomal region","209/7113","399/19650",2.01126803739618e-11,2.16642300028103e-09,1.89633843525926e-09,"GTF2B/FIRRM/NUF2/NEK2/NSL1/NUP133/CENPS/KIF2C/PLK3/ZBTB48/ITGB3BP/ORC1/H3-3A/PARP1/PSEN2/CDC20/CENPL/H4C14/CENPF/CDCA8/SMC6/HJURP/SPC25/BUB1/RIF1/XPO1/CENPO/GPATCH11/SGO2/MCM6/CENPA/MSH2/SGO1/ATR/CHMP2B/WDR82/MCM2/PBRM1/SMC4/CENPC/MAD2L1/ZNF330/NCAPG/CENPU/GAR1/CENPE/CENPK/BOD1/PLK2/SPDL1/CCNB1/NHP2/PPP2CA/SLF1/CSNK1A1/APC/CENPQ/TTK/H4C1/H2AC4/H2BC3/H4C4/PPP1R10/ORC3/H4C13/H4C6/H4C3/H4C8/H4C11/H4C12/H4C2/H4C5/H2BC11/H4C9/MCM3/H2AC8/DAXX/ACTB/ORC5/MAD1L1/EZH2/IKZF1/HNRNPA2B1/DYNLT3/THOC2/ATRX/SMC1A/CENPI/PHF6/ERCC6L/DCTN6/WRN/MTBP/DSCC1/HSF1/PPP2CB/RECQL4/MCM4/NBN/PRKDC/ESCO2/PINX1/SETX/DCTN3/PHF2/C9orf78/CENPP/KIF18A/KAT5/MTA2/H2AX/ATM/NCAPD3/CDCA5/MRE11/NUP98/CKAP5/INCENP/MEN1/CHEK1/ZWINT/SLF2/SUV39H2/HELLS/CDK1/DNA2/NUP37/SYCP3/DYNLL1/KNTC1/CBX5/NCAPD2/CHD4/DCTN2/CLIP1/CDK2/H4C16/RAD51AP1/ARID2/PDS5B/SUGT1/SKA3/CHAMP1/BRCA2/APEX1/XRCC3/TOX4/BAZ1A/MIS18BP1/TINF2/NGDN/RAD51/PML/BUB1B/OIP5/BLM/ZWILCH/KNSTRN/KNL1/PIF1/THOC6/KAT8/PLK1/FLYWCH1/ERCC4/CENPT/ZNF276/NSMCE1/ACD/TERB1/SMARCE1/TOP2A/AURKB/H3-3B/NDEL1/SPAG5/SKA2/BIRC5/ALYREF/WRAP53/KAT7/SKA1/NDC80/SMCHD1/THOC1/CHMP1B/SNAI1/DSN1/CHMP4B/PCNA/RASSF2/CENPB/AURKA/CEBPB/KMT5C/CHMP2A/SPC24/NLRP2/PPP2R1A/SIRT2/AURKC/ERCC1/XRCC6/CENPM/SUN2/SMARCB1/RANGAP1/SMC1B/CHEK2",209
"GO:0000779","condensed chromosome, centromeric region","104/7113","182/19650",6.26808615137953e-09,5.90767119767521e-07,5.17117107488811e-07,"GTF2B/FIRRM/NUF2/NEK2/NSL1/NUP133/CENPS/KIF2C/PLK3/ITGB3BP/H3-3A/PSEN2/CDC20/CENPL/CENPF/HJURP/SPC25/BUB1/XPO1/CENPO/GPATCH11/SGO2/CENPA/SGO1/CHMP2B/PBRM1/CENPC/MAD2L1/NCAPG/CENPU/CENPE/CENPK/BOD1/PLK2/SPDL1/CCNB1/CSNK1A1/APC/CENPQ/TTK/ACTB/MAD1L1/DYNLT3/ATRX/SMC1A/CENPI/PHF6/ERCC6L/DCTN6/MTBP/HSF1/PINX1/DCTN3/PHF2/CENPP/KIF18A/KAT5/NCAPD3/NUP98/CKAP5/INCENP/ZWINT/NUP37/DYNLL1/KNTC1/CBX5/NCAPD2/DCTN2/CLIP1/ARID2/SUGT1/SKA3/CHAMP1/BUB1B/ZWILCH/KNSTRN/KNL1/KAT8/PLK1/CENPT/ZNF276/SMARCE1/AURKB/H3-3B/NDEL1/SPAG5/SKA2/BIRC5/SKA1/NDC80/CHMP1B/DSN1/CHMP4B/RASSF2/CENPB/AURKA/CEBPB/KMT5C/CHMP2A/SPC24/AURKC/CENPM/SMARCB1/RANGAP1",104
"GO:0000793","condensed chromosome","147/7113","281/19650",2.07802684231534e-08,1.74092471011751e-06,1.52388635103125e-06,"GTF2B/FIRRM/NUF2/NEK2/NSL1/NUP133/CENPS/KIF2C/PLK3/ITGB3BP/H3-3A/HORMAD1/PSEN2/MSH4/CDC20/CENPL/RCC1/CENPF/SMC6/NCAPH/HJURP/SPC25/BUB1/RIF1/XPO1/CENPO/LRPPRC/TTN/GPATCH11/SGO2/CENPA/SGO1/CHMP2B/FANCD2/TOPBP1/PBRM1/SMC4/CENPC/MAD2L1/NCAPG/CENPU/CENPE/RNF212/CENPK/BOD1/PLK2/SPDL1/CCNB1/RAD1/SLF1/CSNK1A1/APC/CENPQ/TTK/NCAPG2/ACTB/MAD1L1/DYNLT3/SYN1/ATRX/SMC1A/TEX11/CENPI/PHF6/ERCC6L/DCTN6/MTBP/HSF1/PINX1/SMC2/DCTN3/SHOC1/PHF2/CENPP/KIF18A/BANF1/KAT5/H2AX/NCAPD3/NUP98/CKAP5/INCENP/CHEK1/ZWINT/SLF2/MKI67/NUP37/SYCP3/DYNLL1/KNTC1/CBX5/NCAPD2/DCTN2/TUBA1A/CLIP1/CDK2/ARID2/SUGT1/SKA3/CHAMP1/BRCA2/MLH3/ESRRB/HSPA2/CCNB1IP1/RAD51/BUB1B/BLM/ZWILCH/KNSTRN/KNL1/SYCE1L/KAT8/PLK1/CENPT/ZNF276/NSMCE1/SMARCE1/TOP2A/AURKB/H3-3B/NDEL1/SPAG5/SKA2/BIRC5/BRCA1/SKA1/NDC80/CHMP1B/DSN1/CHMP4B/RASSF2/CENPB/AURKA/CEBPB/KMT5C/BRD4/CHMP2A/SPC24/AURKC/CENPM/SYCE3/SUN2/SMARCB1/RANGAP1/SMC1B/RSPH1",147
"GO:0015629","actin cytoskeleton","239/7113","500/19650",4.8529164542244e-08,3.6590990064852e-06,3.2029248597881e-06,"ACTL8/CNN3/CTTNBP2NL/TAGLN2/ACTA1/HSPB7/CROCC/NDC1/MACF1/PRKCZ/IPP/FBLIM1/SLC2A1/CAPN2/SCNN1D/WASF2/CGN/NEXN/CLIC4/CAPZB/ESPN/FHL3/LMOD1/TNNT2/EFR3B/CDC42EP3/CTNNA2/POTEF/PLEKHH2/NEB/POTEE/MYO7B/MLPH/VIL1/SPTBN1/BIN1/MYRIP/RAB5A/FAM107A/ACKR2/MYH15/MYLK/TOPBP1/IQCG/MYL3/SHROOM3/SYNPO2/PDLIM5/KLHL2/FHDC1/ARSJ/MYL5/SNCA/PALLD/PDLIM3/ACTBL2/CTNNA1/SYNPO/SHROOM1/FYB1/PDLIM4/APBB3/DIAPH1/MYOT/PDLIM7/ABLIM3/AFAP1L1/MYOZ3/CENPQ/FILIP1/WASF1/AIF1/EEF1A1/FLOT1/CNR1/EZR/CARMIL1/MICALL2/AMPH/MYO1G/DENND2A/MYH16/ACTB/TRIP6/ZYX/ARHGEF5/ARPC1B/SH2B2/COBL/RAC1/TNS3/FSCN3/ANLN/ARHGAP6/PLS3/SHROOM4/WAS/DLC1/DOCK5/DCTN6/CALB1/MTSS1/RGS22/DMTN/PDLIM2/ARC/MSRA/PGM5/TMOD1/DAPK1/ANXA1/ARPC5L/TPM2/TEK/DCTN3/RIGI/FKBP15/WHRN/GSN/HNRNPK/ABL1/BARX2/CRYAB/LSP1/SWAP70/LPXN/PARVA/CFL1/CTTN/ILK/SPTBN2/SMTNL1/TNNI2/MYO7A/JAM3/TNNT3/MYO3A/BAG3/VCL/MYOZ1/ADAM8/LDB3/PDLIM1/NPM3/C10orf90/SORBS1/PKD2L1/ACTA2/BIN2/RAPGEF3/CORO1C/KNTC1/DCTN2/ARPC3/MYL6/RND1/PXN/LIMA1/MYL6B/SPRY2/DIAPH3/LCP1/GJB6/FLT1/ANG/ACTN1/HNRNPC/CFL2/FERMT2/BMF/TMOD2/TLNRD1/MYO5A/PSTPIP1/MYZAP/CORO2B/TPM1/MYO9A/BCAR1/COTL1/ALDOA/MYH11/PRKCB/CARMIL2/CORO1A/CRK/ACACA/RARA/MYO1C/NTN1/MYH4/MYH1/MYH2/LIMD2/ACTG1/SEPTIN9/GABARAP/BAIAP2/KRT19/MYL4/TAX1BP3/FLII/NHERF1/RAC3/HAP1/MYO15A/CDH2/ONECUT2/MYL12A/MYL12B/PSTPIP2/DSTN/MYL9/TNNC2/HCK/BPIFB4/SNAP25/RAB22A/MISP/CNN2/MYO1F/FOXA3/AXL/CNN1/SH3GL1/SPPL2B/TFPT/MYADM/ARHGAP33/KPTN/PEAK3/ACTN4/TPM4/TRIOBP/PARVG/H1-0/CLDN5/MYH9/SMTN",239
"GO:0000776","kinetochore","96/7113","171/19650",7.72941225728045e-08,5.29816076544496e-06,4.63764735436827e-06,"GTF2B/FIRRM/NUF2/NEK2/NSL1/NUP133/CENPS/KIF2C/PLK3/ITGB3BP/H3-3A/PSEN2/CDC20/CENPL/CENPF/HJURP/SPC25/BUB1/XPO1/CENPO/GPATCH11/SGO2/SGO1/CHMP2B/PBRM1/CENPC/MAD2L1/CENPU/CENPE/CENPK/BOD1/PLK2/SPDL1/CCNB1/CSNK1A1/APC/CENPQ/TTK/ACTB/MAD1L1/DYNLT3/SMC1A/CENPI/PHF6/ERCC6L/DCTN6/MTBP/HSF1/PINX1/DCTN3/PHF2/CENPP/KIF18A/KAT5/NUP98/CKAP5/INCENP/ZWINT/NUP37/DYNLL1/KNTC1/CBX5/DCTN2/CLIP1/ARID2/SUGT1/SKA3/CHAMP1/BUB1B/ZWILCH/KNSTRN/KNL1/KAT8/PLK1/CENPT/ZNF276/SMARCE1/AURKB/H3-3B/NDEL1/SPAG5/SKA2/BIRC5/SKA1/NDC80/CHMP1B/DSN1/CHMP4B/RASSF2/AURKA/CHMP2A/SPC24/AURKC/CENPM/SMARCB1/RANGAP1",96
"GO:0019814","immunoglobulin complex","86/7113","150/19650",1.01460177062438e-07,6.37508112542321e-06,5.58030973843411e-06,"PIGR/IGKV1-5/IGKV5-2/IGKC/IGKJ1/IGKV4-1/IGKV1-6/IGKV3-7/IGKV1-8/IGKV1-9/IGKV1-13/IGKV3-15/IGKV1-16/IGKV3-20/IGKV1-27/IGKV2-28/IGKV2-29/IGKV1-39/IGKV1D-39/IGKV1D-33/IGKV2D-29/IGKV3D-20/IGKV3D-15/IGKV1D-13/IGKV3D-11/IGKV1D-8/JCHAIN/SYK/IGHV3-23/IGHV4-34/IGHV4-28/IGHV3-21/IGHV3-15/IGHV3-20/IGHV1-24/IGHV1-18/IGHV3-13/IGHV3-11/IGHV4-39/IGHV3-48/IGHV3-49/IGHV5-51/IGHV1-58/IGHV4-59/IGHG1/IGHG3/IGHM/IGHV2-5/IGHV3-7/IGHV4-61/IGHV3-64/IGHV3-66/IGHV1-69D/IGHV2-70/IGHV3-73/IGHV3-74/IGHE/IGHG4/CD79A/IGLV3-12/IGLV2-11/IGLV4-69/IGLV8-61/IGLV6-57/IGLV1-51/IGLV1-50/IGLV9-49/IGLV1-47/IGLV1-44/IGLV7-43/IGLV1-40/IGLV1-36/IGLV2-33/IGLV3-27/IGLV3-25/IGLV2-23/IGLV3-16/IGLV2-14/IGLV3-9/IGLV2-8/IGLV4-3/IGLL5/IGLC2/IGLC3/IGLC6/IGLC7",86
"GO:0062023","collagen-containing extracellular matrix","207/7113","429/19650",1.57581676888507e-07,9.13973725953339e-06,8.00030051895496e-06,"SDC3/ANGPTL3/COL24A1/F3/LAMC2/DPT/NID1/LAMB3/USH2A/ADAMTS4/CCN1/MMP23B/TINAGL1/ECM1/CTSS/LEFTY2/S100A10/MYOC/ANXA9/S100A6/ANGPTL1/HRNR/COL16A1/C1QA/C1QC/C1QB/MATN1/S100A8/FCN3/PRELP/FMOD/COL11A1/PODN/TNR/MATN3/COL4A3/COL4A4/SNORC/GPC1/PXDN/VIT/IMPG2/COL8A1/ADAMTS9/P3H2/ADIPOQ/LRRC15/LAMB2/SEMA3B/COL7A1/KNG1/CRELD1/MST1/COL6A6/FBLN2/DLG1/COL6A5/CLEC3B/IGFBP7/ANXA5/SPARCL1/FRAS1/COL25A1/SOD3/FREM3/ADAMTS3/SFRP2/FGF10/VCAN/EGFLAM/ADAM19/COL23A1/EFNA5/SPARC/FBN2/COL19A1/COL10A1/EYS/SERPINB1/SERPINB9/F13A1/COL12A1/CCN2/SMOC2/TNXB/SERPINE1/ZP3/RARRES2/AEBP1/PCOLCE/ELN/AZGP1/AMELX/SRPX/TIMP1/GPC3/BGN/CCN3/SFRP1/ANGPT2/COL14A1/CLU/ADAMDEC1/IL7/ANXA1/OGN/ENTPD2/EGFL7/LAMC3/AMBP/ECM2/ANGPTL2/FCN1/COL15A1/SPON1/MMP8/SERPINH1/CD151/MUC2/EFEMP2/CTSC/CTSF/SERPING1/APOA1/ADAMTS15/LTBP3/MDK/HPX/NAV2/ADAMTS8/NCAM1/ITIH2/ITIH5/GDF10/ANXA11/HTRA1/ANXA8/MMRN2/COL17A1/ACTA2/CXCL12/PZP/DCN/HSP90B1/MGP/ADAMTS20/FREM2/GPC6/CLEC14A/SERPINA5/SERPINA3/ANG/TGFB3/CTSG/SERPINA1/COCH/HSP90AA1/FBLN5/LOXL1/HAPLN3/ACAN/THSD4/MFGE8/SEMA7A/THBS1/SPN/TGFB1I1/ZG16/CDH13/SERPINF1/NTN1/MFAP4/COL1A1/MMP28/MXRA7/LGALS3BP/TIMP2/ITGB4/COLEC12/CDH2/LAMA3/LAMA1/SERPINB8/ANGPT4/LAMA5/SLPI/COL20A1/SSC5D/ICAM1/ANGPTL4/LTBP4/TGFB1/LGALS4/GDF15/ELANE/BCAM/ADAMTS10/HNRNPM/PDGFB/CHADL/LGALS1/FBLN1/TIMP3/COL18A1/ADAMTS1/COL6A1/COL6A2",207
"GO:0043505","CENP-A containing nucleosome","17/7113","18/19650",3.68431091474728e-07,1.85198028647963e-05,1.6210968024888e-05,"H4C14/CENPA/H4C1/H2AC4/H4C4/H4C13/H4C6/H4C3/H4C8/H4C11/H4C12/H4C2/H4C5/H2BC11/H4C9/H2AC8/H4C16",17
"GO:0061638","CENP-A containing chromatin","17/7113","18/19650",3.68431091474728e-07,1.85198028647963e-05,1.6210968024888e-05,"H4C14/CENPA/H4C1/H2AC4/H4C4/H4C13/H4C6/H4C3/H4C8/H4C11/H4C12/H4C2/H4C5/H2BC11/H4C9/H2AC8/H4C16",17
"GO:0000940","outer kinetochore","18/7113","20/19650",9.2359033236864e-07,4.35241944128721e-05,3.80981012102064e-05,"NUF2/NSL1/CENPF/SPC25/BUB1/BOD1/SPDL1/CCNB1/ZWINT/SKA3/BUB1B/KNL1/PLK1/SKA2/SKA1/NDC80/DSN1/SPC24",18
"GO:0022627","cytosolic small ribosomal subunit","30/7113","41/19650",1.57522183389049e-06,6.98657213384372e-05,6.11556711981015e-05,"RPS8/RPS27/RPS27A/RPS3A/RPS14/RPS23/RACK1/RPS12/RPS18/RPS10/RPS4X/RPS20/RPS6/RPS3/RPS25/RPS13/FAU/RPS24/RPS26/RPS29/RPS17/RPS2/RPS16/RPS15/RPS28/RPS11/RPS9/UBA52/RPS19/RPS5",30
"GO:0034506","chromosome, centromeric core domain","17/7113","19/19650",2.30718946808679e-06,9.66456032743023e-05,8.45969471631823e-05,"H4C14/CENPA/H4C1/H2AC4/H4C4/H4C13/H4C6/H4C3/H4C8/H4C11/H4C12/H4C2/H4C5/H2BC11/H4C9/H2AC8/H4C16",17
"GO:0051233","spindle midzone","27/7113","37/19650",5.77188806591603e-06,0.000229052821142141,0.000200497164394978,"FIRRM/KIF14/ARL8A/MAP10/CDC42/CDCA8/RIF1/MAPRE3/PKP4/MAP9/CENPE/GEM/KIF18A/CTTN/INCENP/KIF20B/RACGAP1/PRC1/PLK1/CDC6/AURKB/KIF18B/MAPRE2/MAPRE1/AURKA/AURKC/APP",27
"GO:0044391","ribosomal subunit","97/7113","187/19650",7.89232852388485e-06,0.000288796131440455,0.000252792369695889,"RPL11/RPS8/RPS27/MRPL37/RPL5/RPL22/RPLP0P6/MRPL19/RPL31/PTCD3/MRPL35/RPS27A/RPL37A/MRPL33/MRPS5/MRPL44/RPL29/RPL32/NSUN3/RPL35A/RPL14/RPL24/RPL15/MRPL1/RPL34/RPS3A/NPM1/RPS14/RPS23/RACK1/RPL37/NHP2/RPS12/RPL10A/RPS18/RPS10/MRPS24/RPL10/RPL39/RPS4X/RPL30/MRPL13/RPL7/RPS20/RPL8/MRPL15/RPL12/RPL7A/RPS6/MRPS2/RPS3/RPLP2/RPS25/RPL27A/RPS13/FAU/MRPL49/RPS24/RPS26/RPL41/RPL6/RPLP0/RPL21/MRPL52/RPS29/RPL36AL/MRPL46/RPLP1/RPL4/RPS17/RPL13/RPS2/RSL1D1/RPL27/RPL26/MRPL38/RPL23A/MRPL10/RPL19/MRPL27/RPL38/RPL17/RPS16/RPL28/RPS15/RPS28/RPL18/RPS11/RPL13A/RPS9/UBA52/RPL36/RPL18A/RPS19/RPS5/RPL3/SNU13",97
"GO:0000786","nucleosome","73/7113","133/19650",8.04339358123284e-06,0.000288796131440455,0.000252792369695889,"H3-3A/H3C13/H2AC20/H2AC21/H3C15/H2BC18/H2AC19/H4C14/H3C14/H2BC26/CENPA/H1-10/SLF1/H1-1/H3C1/H4C1/H3C2/H2AC4/H2BC3/H3C3/H1-2/H1-4/H2BC6/H4C4/H2AC15/H2AC16/H1-5/H3C11/H4C13/H3C12/H2AC17/H2BC17/H2AC6/H2AC7/H1-3/H4C6/H3C7/H2BC10/H4C3/H4C8/H3C6/H2BC14/H4C11/H4C12/H3C10/H2AC13/H2BC8/H2BC13/H2BC15/H2BC7/H2BC9/H3C8/H4C2/H4C5/H2BC5/H2BC11/H2AC11/H4C9/H2AC12/SHPRH/IRF4/H2AC8/ACTB/TRRAP/KAT5/H2AX/H3-5/H4C16/MBTD1/H3-3B/SPHK2/RUVBL2/H1-0",73
"GO:0005657","replication fork","42/7113","67/19650",9.17090032046642e-06,0.000314311765528713,0.000275127009613993,"PARP1/ETAA1/ZRANB3/RAD18/BCL6/RFC4/HMCES/PRIMPOL/SMARCAD1/UBE2B/PRIM2/MMS22L/MCM3/XRCC2/POLD2/ZMIZ2/POLA1/WRN/TONSL/NBN/POLD3/POLD4/MUS81/H2AX/MRE11/POLA2/CHEK1/MCM10/TIMELESS/PRIM1/RFC3/WDHD1/XRCC3/RAD51B/BLM/TIPIN/PIF1/EME1/RAD51C/PCNA/CAMSAP3/UHRF1",42
"GO:0001725","stress fiber","43/7113","70/19650",1.50980573887969e-05,0.000474330636298037,0.000415196578191916,"ACTL8/ACTA1/PRKCZ/FBLIM1/FHL3/FAM107A/MYLK/SYNPO2/PDLIM5/PALLD/PDLIM3/SYNPO/PDLIM4/PDLIM7/ABLIM3/MICALL2/TRIP6/ZYX/SH2B2/SHROOM4/PDLIM2/PGM5/TEK/ILK/BAG3/LDB3/PDLIM1/SORBS1/ACTA2/PXN/LIMA1/LCP1/ACTN1/FERMT2/TLNRD1/TPM1/SEPTIN9/MYL12A/MYL12B/MYL9/CNN2/TPM4/MYH9",43
"GO:0097517","contractile actin filament bundle","43/7113","70/19650",1.50980573887969e-05,0.000474330636298037,0.000415196578191916,"ACTL8/ACTA1/PRKCZ/FBLIM1/FHL3/FAM107A/MYLK/SYNPO2/PDLIM5/PALLD/PDLIM3/SYNPO/PDLIM4/PDLIM7/ABLIM3/MICALL2/TRIP6/ZYX/SH2B2/SHROOM4/PDLIM2/PGM5/TEK/ILK/BAG3/LDB3/PDLIM1/SORBS1/ACTA2/PXN/LIMA1/LCP1/ACTN1/FERMT2/TLNRD1/TPM1/SEPTIN9/MYL12A/MYL12B/MYL9/CNN2/TPM4/MYH9",43
"GO:0042788","polysomal ribosome","23/7113","31/19650",1.84819300187202e-05,0.0005574150093646,0.000487922952494212,"RPL11/ELAVL4/RPL31/RPL32/RPL24/RPS23/BTF3/RPL10A/RPL39/RPL30/RPL8/EIF3H/RPL7A/RPS26/RPL41/RPL6/RPS29/RPL19/RPL38/RPS28/RPL18/RPL36/RPL18A",23
"GO:0015934","large ribosomal subunit","64/7113","116/19650",2.28108368324989e-05,0.000661514268142469,0.000579044319594204,"RPL11/MRPL37/RPL5/RPL22/RPLP0P6/MRPL19/RPL31/MRPL35/RPL37A/MRPL33/MRPL44/RPL29/RPL32/NSUN3/RPL35A/RPL14/RPL24/RPL15/MRPL1/RPL34/NPM1/RPL37/NHP2/RPL10A/RPL10/RPL39/RPL30/MRPL13/RPL7/RPL8/MRPL15/RPL12/RPL7A/RPLP2/RPL27A/MRPL49/RPL41/RPL6/RPLP0/RPL21/MRPL52/RPL36AL/MRPL46/RPLP1/RPL4/RPL13/RSL1D1/RPL27/RPL26/MRPL38/RPL23A/MRPL10/RPL19/MRPL27/RPL38/RPL17/RPL28/RPL18/RPL13A/UBA52/RPL36/RPL18A/RPL3/SNU13",64
"GO:0005819","spindle","197/7113","431/19650",2.59893750187769e-05,0.000725777361635473,0.000635295833792324,"FIRRM/NEK2/NSL1/KIF14/CDC7/AUNIP/KIF2C/PLK3/GPSM2/CDC20/ASPM/ARL8A/MAP10/MAP7D1/PTPN7/NUDC/KLHL21/ARHGEF2/TMEM201/CEP170/CDC42/CEP350/CENPF/EVI5/CDCA8/SMC6/YPEL5/MZT2A/MZT2B/RIF1/ALMS1/MAPRE3/ANKRD53/CKAP2L/BIRC6/PKP4/SGO1/SPICE1/TRAT1/DYNLT2B/CHMP2B/POC1A/ECT2/RASSF1/CEP63/TOPBP1/TBL1XR1/KIF15/TBCK/MAD2L1/MAP9/AFG2A/TACC3/CENPE/HAUS3/CD180/KIF20A/BOD1/SLC34A1/NPM1/PLK2/DIAPH1/IK/HMMR/SPDL1/CCNB1/PPP2CA/CSNK1A1/DCDC2/TTK/ACOT13/TUBB2B/TUBB2A/KIFC1/PTP4A1/MAPK14/NEDD9/CEP162/RPS6KA2/TRAPPC14/HSPB1/MAD1L1/SBDS/HEPACAM2/DYNLT3/SMC1A/CAPN6/EMD/KIF4A/SLC25A5/UXT/GEM/UBXN2B/NEIL2/HSF1/PPP2CB/RMDN1/PINX1/HAUS6/INVS/BBLN/TUBB4B/DCTN3/CNTRL/CLTA/PRPF19/CEP295/KIF18A/RPS3/KAT5/CTTN/EML3/ATM/RASSF10/CKAP5/INCENP/ANXA11/KIF11/CDK1/KIF20B/USP44/DYNLL1/KNTC1/ESPL1/AAAS/PLEKHG6/IRAG2/RACGAP1/PARP4/BORA/TUBGCP3/LATS2/CKAP2/SKA3/CHAMP1/TPT1/CEP128/DLGAP5/HAUS4/HSPA2/NIN/BUB1B/KIF23/MAPKBP1/NGRN/ZWILCH/KNSTRN/PRC1/TUBGCP5/SGF29/DNAAF1/PLK1/KATNB1/ENKD1/SHCBP1/CDC6/TADA2A/FLCN/AURKB/KIF18B/NDEL1/SPAG5/SKA2/TUBG2/BIRC5/KAT2A/HASPIN/ANKFN1/CLTC/CSNK1D/SKA1/TUBB6/KATNAL2/CHMP1B/MAPRE2/FAM83D/MAPRE1/DSN1/TPX2/CHMP4B/AURKA/KAT14/MISP/CALM3/EML2/WDR62/CHMP2A/MAP1S/HAUS5/NUP62/SIRT2/AURKC/MYH9/RANGAP1/LIMK2/RSPH1/APP",197
"GO:0005840","ribosome","116/7113","236/19650",2.82752933595428e-05,0.000753820631627342,0.000659842993201652,"RPL11/ELAVL4/RPS8/RPS27/MRPL37/RPL5/RPL22/RPLP0P6/MRPL19/RPL31/PTCD3/MRPL35/EIF2AK2/RPS27A/RPL37A/MRPL33/MRPS5/MRPL44/RPL29/RPL32/NSUN3/RPL35A/RPL14/APOD/RPL24/RPL15/MRPL1/RPL34/RPS3A/PELO/NPM1/RPS14/RPS23/RACK1/BTF3/RPL37/NHP2/ETF1/ASCC3/RPS12/EEF1A1/RPL10A/RPS18/RPS10/MRPS24/RPL10/RPL39/RPS4X/RPL30/MRPL13/RPL7/RPS20/RPL8/EIF3H/MRPL15/LZTS1-AS1/RPL12/RPL7A/RPS6/MRPS2/RPS3/RPLP2/RPS25/RPL27A/RPS13/FAU/MRPL49/SF1/HSPA14/RPS24/RPS26/RPL41/RNF10/RPL6/RPLP0/RPL21/RPS6KL1/APEX1/MRPL52/NEMF/RPS29/RPL36AL/MRPL46/RPLP1/RPL4/RPS17/RPL13/RPS2/ZNF598/RSL1D1/RPL27/RPL26/MRPL38/SRP68/RPL23A/MRPL10/RPL19/MRPL27/RPL38/RPL17/RPS16/RPL28/RPS15/RPS28/RPL18/RPS11/RPL13A/RPS9/UBA52/RPL36/RPL18A/RPS19/RPS5/RPL3/SNU13/RNA5-8SN5",116
"GO:0045121","membrane raft","137/7113","286/19650",2.89931012164362e-05,0.000753820631627342,0.000659842993201652,"SLC9A1/PLPP3/LRP8/S1PR1/CD48/ATP1A2/SELE/FYB2/ATP1A1/STX12/CD1A/PSEN2/S100A10/EFHD2/LCK/SLC2A1/KCNA3/PTPRC/CAPN2/FASLG/BCL10/CD55/CR1/TNR/PIKFYVE/MALL/CAVIN2/LYPD6/IRS1/ZAP70/GPC1/CD8A/RAB5A/TGFBR2/GASK1A/DLG1/HPSE/ABCG2/TLR1/TLR6/PLPP1/CTNNA1/LCP2/EFNA5/IL6ST/PPP2CA/RGMB/BVES/DLL1/FLOT1/CNR1/EZR/TNF/GJA1/ADCY1/CAV2/NOS3/CAV1/LAT2/CARD11/ADCYAP1R1/EFNB1/BTK/HDAC6/GPM6B/DLC1/PAG1/SDCBP/LY6K/BAALC/HAS2/TNFRSF10A/ARC/STOM/JAK2/TEK/EEIG1/ABCA1/KIF18A/SERPINH1/KCNE3/RTN4RL2/MS4A4A/MS4A1/GAB2/CAVIN3/STIM1/KCNQ1/MYOF/HK1/SORBS1/PI4K2A/KCNA5/OLR1/CD4/CORO1C/LRRK2/GLIPR1L1/TUBA1C/TNFRSF1A/AKAP5/CHRNA3/CHP1/FURIN/CD19/MAPK3/ITGAM/ADGRG1/CDH13/PLCG2/SLC6A4/MYO1C/RANGRF/CAVIN1/SGCA/SLC2A4/MAPT/SLC39A6/CD226/CDH2/PTGIS/PRNP/HCK/PLPP2/EHD2/ICAM1/FXYD1/LIPE/CLIP3/MYADM/MAG/CD79A/PLVAP/PACSIN2/NFAM1/ITGB2/APP",137
"GO:0032432","actin filament bundle","46/7113","78/19650",3.44121809587305e-05,0.000864892814762759,0.00075706798109207,"ACTL8/ACTA1/PRKCZ/FBLIM1/FHL3/VIL1/FAM107A/MYLK/SYNPO2/PDLIM5/PALLD/PDLIM3/SYNPO/PDLIM4/PDLIM7/ABLIM3/MICALL2/TRIP6/ZYX/SH2B2/PLS3/SHROOM4/PDLIM2/PGM5/TEK/CRYAB/ILK/BAG3/LDB3/PDLIM1/SORBS1/ACTA2/PXN/LIMA1/LCP1/ACTN1/FERMT2/TLNRD1/TPM1/SEPTIN9/MYL12A/MYL12B/MYL9/CNN2/TPM4/MYH9",46
"GO:0098857","membrane microdomain","137/7113","287/19650",3.58353550950472e-05,0.000871608314247276,0.00076294626976552,"SLC9A1/PLPP3/LRP8/S1PR1/CD48/ATP1A2/SELE/FYB2/ATP1A1/STX12/CD1A/PSEN2/S100A10/EFHD2/LCK/SLC2A1/KCNA3/PTPRC/CAPN2/FASLG/BCL10/CD55/CR1/TNR/PIKFYVE/MALL/CAVIN2/LYPD6/IRS1/ZAP70/GPC1/CD8A/RAB5A/TGFBR2/GASK1A/DLG1/HPSE/ABCG2/TLR1/TLR6/PLPP1/CTNNA1/LCP2/EFNA5/IL6ST/PPP2CA/RGMB/BVES/DLL1/FLOT1/CNR1/EZR/TNF/GJA1/ADCY1/CAV2/NOS3/CAV1/LAT2/CARD11/ADCYAP1R1/EFNB1/BTK/HDAC6/GPM6B/DLC1/PAG1/SDCBP/LY6K/BAALC/HAS2/TNFRSF10A/ARC/STOM/JAK2/TEK/EEIG1/ABCA1/KIF18A/SERPINH1/KCNE3/RTN4RL2/MS4A4A/MS4A1/GAB2/CAVIN3/STIM1/KCNQ1/MYOF/HK1/SORBS1/PI4K2A/KCNA5/OLR1/CD4/CORO1C/LRRK2/GLIPR1L1/TUBA1C/TNFRSF1A/AKAP5/CHRNA3/CHP1/FURIN/CD19/MAPK3/ITGAM/ADGRG1/CDH13/PLCG2/SLC6A4/MYO1C/RANGRF/CAVIN1/SGCA/SLC2A4/MAPT/SLC39A6/CD226/CDH2/PTGIS/PRNP/HCK/PLPP2/EHD2/ICAM1/FXYD1/LIPE/CLIP3/MYADM/MAG/CD79A/PLVAP/PACSIN2/NFAM1/ITGB2/APP",137
"GO:0072686","mitotic spindle","92/7113","184/19650",8.22726079031724e-05,0.0019385483237185,0.00169687253800293,"CDC7/GPSM2/ASPM/MAP10/PTPN7/NUDC/CDC42/SMC6/YPEL5/MAPRE3/CKAP2L/PKP4/TRAT1/ECT2/TBL1XR1/TBCK/MAD2L1/MAP9/TACC3/CENPE/HAUS3/CD180/SLC34A1/DIAPH1/IK/DCDC2/TUBB2B/TUBB2A/KIFC1/NEDD9/TRAPPC14/MAD1L1/HEPACAM2/DYNLT3/SMC1A/GEM/NEIL2/HSF1/RMDN1/HAUS6/TUBB4B/CNTRL/CEP295/KIF18A/RPS3/KAT5/CTTN/EML3/KIF11/CDK1/KIF20B/USP44/DYNLL1/ESPL1/AAAS/RACGAP1/CKAP2/SKA3/DLGAP5/HAUS4/NIN/KIF23/MAPKBP1/NGRN/KNSTRN/PRC1/SGF29/PLK1/CDC6/TADA2A/FLCN/AURKB/KIF18B/SPAG5/KAT2A/CLTC/SKA1/TUBB6/FAM83D/MAPRE1/TPX2/AURKA/KAT14/MISP/EML2/WDR62/MAP1S/HAUS5/NUP62/SIRT2/RANGAP1/LIMK2",92
"GO:0001726","ruffle","91/7113","183/19650",0.000115473073714545,0.00263838477517476,0.0023094614742909,"EPHA2/PIP5K1A/SH3BGRL3/S100A6/MACF1/ARHGEF2/WASF2/ALS2/VIL1/SH3YL1/PLEK/ARHGEF4/FGD5/RAB5A/FAM107A/APPL1/ARF4/KLHL2/PALLD/PSD2/ARAP3/SPRY4/DIAPH1/PDLIM7/APC/WWC1/AIF1/EEF1A1/EZR/FGD2/PACSIN1/MKLN1/SH2B2/COBL/RAC1/FSCN3/CYTH3/BMX/DLC1/MTSS1/MTMR9/FGD3/INPP5E/RIGI/KANK1/ABL1/KIF18A/RPS3/CFL1/CTTN/ARFIP2/EPS8L2/LAYN/PTPRJ/PSD/EPS8/ITGA5/TESC/CORO1C/CLIP1/LIMA1/SPRY2/SPATA13/LCP1/ACTN1/ARF6/TRPM7/MYO5A/KNSTRN/CIB1/TPM1/BCAR1/CARMIL2/PLCG2/MYO1C/INPP5K/NME2/ERBB2/BAIAP2/SCIMP/NHERF1/RAB22A/PIP5K1C/ARHGAP45/MYADM/EPS8L1/PACSIN2/MYH9/INPP5J/SAMSN1/PDE9A",91
"GO:0043596","nuclear replication fork","23/7113","34/19650",0.000190118763287299,0.00421616316231245,0.00369054069910639,"PARP1/ETAA1/ZRANB3/SMARCAD1/PRIM2/MMS22L/MCM3/POLD2/ZMIZ2/POLA1/TONSL/POLD3/POLD4/MUS81/POLA2/MCM10/TIMELESS/PRIM1/WDHD1/TIPIN/EME1/PCNA/CAMSAP3",23
"GO:0031252","cell leading edge","189/7113","424/19650",0.000204697425557863,0.00440976739630368,0.00386000859623399,"PHACTR4/SLC9A1/EPHA2/ANGPTL3/CTTNBP2NL/PIP5K1A/SCYL3/USH2A/RAB13/KCNA2/KCNC4/PLEKHG5/SH3BGRL3/ACTA1/S100A6/OPRD1/MACF1/PRKCZ/ARHGEF2/SSX2IP/WASF2/CAPZB/CDC42/ADORA1/ALS2/ACTG2/PLEKHH2/CCDC88A/VIL1/SPTBN1/SH3YL1/PLEK/AAK1/ARHGEF4/FGD5/RAB5A/FAM107A/APPL1/MYLK/ARF4/ROBO2/PHLDB2/LDB2/SH3RF1/KLHL2/GABRA2/FAT1/PALLD/PSD2/CTNNA1/ARAP3/GABRG2/SPRY4/PDLIM4/OCLN/DIAPH1/PDLIM7/GRIA1/APC/ABLIM3/WWC1/WASF1/RIPOR2/AIF1/EEF1A1/FLOT1/EZR/FGD2/CARMIL1/PACSIN1/GABBR1/NEDD9/AMPH/SGCE/MYO1G/MKLN1/CNTNAP2/ACTB/SH2B2/COBL/RAC1/FSCN3/CYTH3/BMX/HDAC6/DDX3X/GABRA3/DLC1/MTSS1/MTMR9/FGD3/PHPT1/INPP5E/RIGI/BSPRY/KANK1/DOCK8/GSN/ABL1/TESK1/STX3/KIF18A/RPS3/SWAP70/DAGLA/KCNC1/PARVA/CFL1/CTTN/ILK/ARFIP2/CTNND1/EPS8L2/LAYN/RNH1/PTPRJ/APBB1/APBB1IP/PSD/LDB1/PLCE1/VIM/ABI1/ACTA2/PTPRO/EPS8/ITGA5/RAPGEF3/TESC/SSH1/KCNC2/DDN/CORO1C/ARPC3/CLIP1/PXN/LIMA1/SPRY2/SPATA13/LCP1/ACTN1/SYNE2/ARF6/AKAP5/FERMT2/GABRG3/TRPM7/DUOX2/MYO5A/KNSTRN/CIB1/PSTPIP1/TPM1/BCAR1/STX4/SLC9A5/CARMIL2/CORO1A/PLCG2/IGF2BP1/MYO1C/INPP5K/NME2/NDEL1/ERBB2/P4HB/BAIAP2/ARHGAP44/SCIMP/MAPT/NHERF1/RAC3/ITGB4/SLC39A6/CDH2/SNAP25/RAB22A/PIP5K1C/ARHGAP45/MYADM/KPTN/DPP9/EPS8L1/PACSIN2/MYH9/ATF4/INPP5J/SAMSN1/PDE9A",189
"GO:0030018","Z disc","68/7113","132/19650",0.000219582936588182,0.00459904261631914,0.00402568717078334,"TRIM63/PSEN2/IGFN1/CSRP1/PDE4B/SLC2A1/NEXN/FHL3/CASQ2/RYR2/FHL2/OBSL1/DES/NEB/TTN/SCN1A/FKBP1B/BIN1/SLC8A1/SYNPO2/PDLIM5/PALLD/PDLIM3/FRG1/HOMER1/SYNPO/PDLIM4/MYOT/PDLIM7/SMN1/KCNN2/SMN1/MYOZ3/FHL5/HSPB1/FLNC/DNAJB6/PDLIM2/PGM5/CRYAB/PARVA/SCN3B/BAG3/MYOZ1/MYPN/LDB3/PDLIM1/ANK3/KCNA5/CSRP2/KRT8/ACTN1/SYNE2/CFL2/FBXO22/MYZAP/STUB1/KRT19/JUP/MYL12A/MYL12B/FHOD3/JPH2/MYL9/RYR1/RTN2/ACTN4/HRC",68
"GO:0042641","actomyosin","43/7113","76/19650",0.000227640055530743,0.00463893518568054,0.00406060639595379,"ACTL8/ACTA1/PRKCZ/FBLIM1/FHL3/FAM107A/MYLK/SYNPO2/PDLIM5/PALLD/PDLIM3/SYNPO/PDLIM4/PDLIM7/ABLIM3/MICALL2/TRIP6/ZYX/SH2B2/SHROOM4/PDLIM2/PGM5/TEK/ILK/BAG3/LDB3/PDLIM1/SORBS1/ACTA2/PXN/LIMA1/LCP1/ACTN1/FERMT2/TLNRD1/TPM1/SEPTIN9/MYL12A/MYL12B/MYL9/CNN2/TPM4/MYH9",43
"GO:0000228","nuclear chromosome","109/7113","229/19650",0.000244513315999757,0.00485165895431097,0.00424681022525894,"NEK2/ORC1/H3-3A/HORMAD1/PARP1/UCHL5/MSH4/RCC1/JUN/ETAA1/POLE4/NCAPH/INO80D/ZRANB3/INO80B/LRPPRC/TTN/MCM6/MCM2/TOPBP1/PBRM1/SMC4/ING2/NCAPG/SMARCAD1/RNF212/IK/RAD1/PRIM2/ORC3/MMS22L/MCM3/NCAPG2/TRIM24/ORC5/POLD2/TRRAP/ZMIZ2/FIGNL1/HDAC8/SYN1/ATRX/SMC1A/POLA1/TEX11/TONSL/GINS4/MCM4/PINX1/SMC2/SETX/SHOC1/SWI5/POLD3/POLD4/KAT5/MUS81/H2AX/NCAPD3/POLA2/INCENP/CHEK1/MCM10/TET1/SYCP3/NCAPD2/TIMELESS/POLE/SINHCAF/PRIM1/ING1/BRCA2/MLH3/WDHD1/HSPA2/BAZ1A/POLE2/YY1/CCNB1IP1/RAD51/BLM/TIPIN/GINS2/SYCE1L/INO80E/GINS3/PLK1/ORC6/SMARCE1/TOP2A/H3-3B/BIRC5/SIRT7/EME1/BRCA1/SMCHD1/PCNA/TOP1/GINS1/CAMSAP3/BRD4/TFPT/RUVBL2/CDC45/SYCE3/SUN2/SMARCB1/SMC1B/RSPH1",109
"GO:0030017","sarcomere","103/7113","216/19650",0.000327895288437059,0.00629807646232458,0.00551290512617271,"ACTL8/STYXL2/TRIM63/PSEN2/IGFN1/ACTA1/MYOM3/CSRP1/PDE4B/SLC2A1/NEXN/ENO1/CAPZB/FHL3/CASQ2/LMOD1/TNNT2/RYR2/FHL2/OBSL1/DES/NEB/TTN/SCN1A/FKBP1B/SPTBN1/BIN1/SLC8A1/MYL3/SYNPO2/PDLIM5/PALLD/PDLIM3/FRG1/HOMER1/SYNPO/PDLIM4/MYOT/PDLIM7/SMN1/KCNN2/SMN1/SQSTM1/MYOZ3/FHL5/HSPB1/FLNC/DNAJB6/MYOM2/PDLIM2/PGM5/TMOD1/TPM2/HABP4/CRYAB/PARVA/SCN3B/ILK/SMTNL1/TNNI2/TNNT3/ANKRD1/BAG3/MYOZ1/MYPN/LDB3/PDLIM1/ANK3/KCNA5/CSRP2/ARHGEF25/CORO1C/KRT8/ADPRHL1/ACTN1/SYNE2/CFL2/FERMT2/TMOD2/FBXO22/MYZAP/TPM1/ALDOA/STUB1/MYH4/MYH1/MYH2/KRT19/MYL4/JUP/MYL12A/MYL12B/MYOM1/FHOD3/JPH2/MYL9/TNNC2/CALM3/RYR1/RTN2/ACTN4/TPM4/HRC",103
"GO:0043292","contractile fiber","115/7113","245/19650",0.000334115462192285,0.00629807646232458,0.00551290512617271,"ACTL8/STYXL2/TRIM63/PSEN2/IGFN1/ACTA1/MYOM3/CSRP1/PDE4B/SLC2A1/NEXN/ENO1/CAPZB/PDE4DIP/FHL3/CASQ2/LMOD1/TNNT2/RYR2/FHL2/OBSL1/DES/NEB/TTN/SCN1A/FKBP1B/SPTBN1/BIN1/SLC8A1/MYH15/MYL3/SYNPO2/PDLIM5/MYL5/PALLD/PDLIM3/FRG1/HOMER1/SYNPO/PDLIM4/MYOT/PDLIM7/SMN1/KCNN2/SMN1/SQSTM1/MYOZ3/FHL5/HSPB1/FLNC/DNAJB6/MYOM2/IDO1/PDLIM2/PGM5/TMOD1/TPM2/HABP4/CRYAB/PARVA/SCN3B/ILK/SMTNL1/TNNI2/TNNT3/ANKRD1/BAG3/VCL/MYOZ1/MYPN/LDB3/PDLIM1/ANK3/ACTA2/KCNA5/MYBPC1/CSRP2/ARHGEF25/CORO1C/KRT8/MYL6B/ADPRHL1/ACTN1/SYNE2/CFL2/FERMT2/TMOD2/FBXO22/MYZAP/TPM1/ALDOA/MYH11/STUB1/MYH4/MYH1/MYH2/ACTG1/KRT19/MYL4/JUP/MYL12A/MYL12B/MYOM1/FHOD3/SDC4/JPH2/MYL9/TNNC2/CALM3/RYR1/RTN2/ACTN4/TPM4/HRC/SCO2",115
"GO:0031674","I band","73/7113","146/19650",0.000423425245525792,0.00778689353966945,0.00681611370846397,"TRIM63/PSEN2/IGFN1/CSRP1/PDE4B/SLC2A1/NEXN/FHL3/CASQ2/RYR2/FHL2/OBSL1/DES/NEB/TTN/SCN1A/FKBP1B/BIN1/SLC8A1/MYL3/SYNPO2/PDLIM5/PALLD/PDLIM3/FRG1/HOMER1/SYNPO/PDLIM4/MYOT/PDLIM7/SMN1/KCNN2/SMN1/MYOZ3/FHL5/HSPB1/FLNC/DNAJB6/PDLIM2/PGM5/CRYAB/PARVA/SCN3B/SMTNL1/ANKRD1/BAG3/MYOZ1/MYPN/LDB3/PDLIM1/ANK3/KCNA5/CSRP2/KRT8/ACTN1/SYNE2/CFL2/FERMT2/FBXO22/MYZAP/ALDOA/STUB1/KRT19/JUP/MYL12A/MYL12B/FHOD3/JPH2/MYL9/RYR1/RTN2/ACTN4/HRC",73
"GO:0150034","distal axon","127/7113","276/19650",0.000469155425154224,0.00842245691824487,0.00737244239528066,"GRIK3/DOCK7/LRIG2/USH2A/PINK1/ELAVL4/KCNA2/KCNK2/KCNC4/PSEN2/KIF21B/WDR47/OPRD1/KCNA3/ACAP3/DVL1/ADORA1/ZNF804A/PTPRN/ALS2/KIF5C/ITGA4/CAD/BIN1/SLC8A1/AAK1/RAB5A/PRSS12/GPM6A/CPLX1/SNCA/PALLD/ITGA2/PCSK1/EXOC3/GPRIN1/TENM2/CPLX2/TPBG/CNR1/GRIK2/PACSIN1/HSP90AB1/CRHR2/ACTB/CHRM2/COBL/FSCN3/ELK1/SYP/TRPC5/USP9X/CCDC120/CALB1/PENK/PNOC/OPRK1/SLC18A1/SETX/OLFM1/SIGMAR1/NTRK2/FKBP15/WHRN/ABL1/STX3/FEZ1/GDPD5/KCNC1/CFL1/CTTN/ZPR1/CTNND1/NECTIN1/APBB1/ABI1/KIF20B/PTPRO/EPS8/SLC2A13/SSH1/KCNC2/DCTN2/LRRK2/ARPC3/KCNA1/FKBP4/PCDH9/ANG/NDRG2/HSP90AA1/NIN/RASGRF1/MYO5A/CIB1/MYO9A/KATNB1/PRKCB/CALB2/PRRT2/MAPK8IP3/ATP6V0D1/IGF2BP1/ACTG1/MAPT/FXR2/RAC3/HAP1/NGFR/ITGA3/DCC/PRNP/SNAP25/TSHZ3/BRSK1/RAB3A/PRKCG/UNC13A/CBARP/CYTH2/PTPRS/SIRT2/CSNK1E/INPP5J/SYNJ1/DSCAM/APP",127
